Date,Prod_Supp,Popln,Imports,Prodn,Exports,Op_Cap,Ref_stk,FM_Pipes,Cru_End_Stk,Cru&Petrm_End_Stk,s&p,XOI,CPI,WTI_Price,Cru_Imp_Cost,Brent_Price
Jan-1986,498728,239713,107627,283248,4918,15459,93009,187520,795666,1535313,211.779999,124.059998,109.9,22.93,24.93,18.58
Feb-1986,453209,239858,83100,256855,4523,15485,90281,193889,801876,1513826,226.919998,126.040001,109.7,15.46,18.11,18.86
Mar-1986,504565,240011,92641,279413,6577,15485,95409,197747,812274,1488558,238.899994,124.669998,109.1,12.61,14.22,19.86
Apr-1986,478339,240183,110520,265917,2829,15473,95748,192890,813640,1479493,235.520004,126.339996,108.7,12.84,13.15,18.98
May-1986,495789,240365,131757,273964,3049,15484,98939,180167,808217,1505822,247.350006,133.089996,109,15.38,13.17,18.31
Jun-1986,481482,240555,139053,258700,7206,15465,97718,181713,804984,1542893,250.839996,130.759995,109.4,13.43,12.25,18.76
Jul-1986,505514,240753,146509,268448,2021,15475,102678,193138,806272,1572732,236.119995,122.43,109.5,11.59,10.91,17.78
Aug-1986,515167,240961,150637,259580,7222,15430,99129,186004,816811,1582297,252.929993,145.279999,109.6,15.1,11.87,17.05
Sep-1986,477269,241171,150923,249843,4829,15435,103323,192027,814905,1617975,231.320007,143.25,110,14.87,12.85,16.75
Oct-1986,514674,241371,136983,260984,4673,15435,103461,197234,825771,1610448,243.979996,146.639999,110.2,14.9,12.78,15.73
Nov-1986,486633,241544,138444,252374,3441,15440,95217,196820,827099,1612020,249.220001,149.860001,110.4,15.22,13.46,14.73
Dec-1986,531060,241702,136784,258926,4917,15440,92954,192993,826105,1592512,242.169998,150.860001,110.8,16.11,14.17,16.6
Jan-1987,517210,241857,135943,262888,2595,15566,95077,194579,821732,1586013,274.079987,168.940002,111.4,18.65,16.45,16.31
Feb-1987,473425,242005,108260,234880,7940,15548,94262,192960,824748,1563370,284.200012,164.710007,111.8,17.75,16.98,15.54
Mar-1987,501109,242166,117160,262398,4645,15559,101302,188121,827448,1556690,291.700012,190.179993,112.2,18.3,17.26,14.91
Apr-1987,495706,242338,123964,254945,7409,15565,103027,181876,825658,1539247,288.359985,191.789993,112.7,18.68,17.89,14.89
May-1987,496806,242516,134549,258426,2125,15565,100773,178340,826056,1541746,290.100006,199.809998,113,19.44,18.25,18.58
Jun-1987,504892,242706,144197,248356,3468,15588,101755,180212,828414,1547960,304,209.809998,113.5,20.07,18.71,18.86
Jul-1987,530502,242908,164131,255782,4616,15701,103457,177772,831527,1558476,318.660004,215.110001,113.8,21.34,19.26,19.86
Aug-1987,506741,243118,170802,254508,4380,15598,105394,185734,836665,1592005,329.799988,213.699997,114.3,20.31,19.32,18.98
Sep-1987,500097,243335,153312,246163,3478,15593,105794,189391,846387,1605705,321.829987,204.960007,114.7,19.53,18.57,18.31
Oct-1987,525173,243543,159390,259272,2592,15592,105521,202874,851387,1609977,251.789993,164.610001,115,19.86,18.53,18.76
Nov-1987,490290,243724,150389,251915,4907,15888,105296,207776,872517,1634948,230.300003,148.300003,115.4,18.85,18.14,17.78
Dec-1987,540790,243895,143825,257844,6809,15946,95851,204613,878027,1607451,247.080002,161.880005,115.6,17.28,17.2,17.05
Jan-1988,539481,244056,144515,255743,6399,15915,98805,197518,863579,1596994,257.070007,168.949997,116,17.13,15.45,16.75
Feb-1988,515026,244205,134863,242848,4226,15942,97616,200786,861812,1575694,267.820007,172.479996,116.2,16.8,15.43,15.73
Mar-1988,545962,244362,150912,259587,6598,15888,101042,209988,871261,1559267,258.890015,179.410004,116.5,16.2,14.73,14.73
Apr-1988,496816,244528,155012,248629,3433,15888,107276,206278,879684,1578298,261.329987,185.839996,117.2,17.86,15.62,16.6
May-1988,502103,244708,165510,255089,4285,15909,105691,210485,889980,1613780,262.160004,180.029999,117.5,17.42,15.93,16.31
Jun-1988,511781,244914,159667,245102,4128,15934,107954,208177,891228,1611809,273.5,174.070007,118,16.53,15.5,15.54
Jul-1988,517536,245131,158100,249229,5765,15958,103275,205743,886541,1629119,272.019989,179.610001,118.5,15.5,14.81,14.91
Aug-1988,541955,245352,157766,250459,4715,15958,101807,194927,876776,1623519,261.519989,173.039993,119,15.52,14.32,14.89
Sep-1988,512149,245579,156355,236847,3573,15965,102094,183514,860547,1628393,271.910004,170.449997,119.5,14.54,13.84,13.18
Oct-1988,544972,245789,172080,248704,5157,15946,103149,190588,866835,1630425,278.970001,175.490005,119.9,13.77,13.05,12.41
Nov-1988,528590,245970,152093,240700,4429,15909,96092,195549,879677,1631275,273.700012,176.380005,120.3,14.14,12.66,13.02
Dec-1988,569322,246140,162132,246189,4006,15919,92129,193778,877319,1597232,277.720001,179.550003,120.7,16.38,14.11,15.31
Jan-1989,535329,246301,175497,246056,4234,15655,97056,195363,866200,1620242,297.470001,192.699997,121.2,18.02,16.04,17.17
Feb-1989,501749,246454,148539,218076,5838,15671,100064,190828,870357,1601010,288.859985,189.419998,121.6,17.94,16.61,16.89
Mar-1989,557660,246626,156100,234822,4846,15669,100856,187530,879539,1568438,294.869995,199.259995,122.2,19.48,17.77,18.7
Apr-1989,498719,246814,172496,233147,4184,15687,106668,188214,876178,1595647,309.640015,206.639999,123.1,21.07,19.59,20.32
May-1989,512928,247010,177604,242303,4051,15692,104770,198445,893515,1622604,320.519989,207.070007,123.7,20.12,19.05,18.63
Jun-1989,524903,247228,179269,228731,7300,15698,99200,187999,891760,1607664,317.980011,204.449997,124.1,20.05,18.27,17.67
Jul-1989,510039,247458,192628,230766,2144,15698,101924,189934,886860,1648901,346.079987,214.550003,124.5,19.78,17.99,17.62
Aug-1989,538172,247695,203517,233878,5007,15706,104758,198627,889608,1654432,351.450012,222.25,124.5,18.58,17.23,16.77
Sep-1989,503850,247942,180834,226436,961,15722,97697,193681,890511,1667408,349.149994,225.479996,124.8,19.59,17.62,17.77
Oct-1989,536411,248174,191783,231036,1882,15722,98753,195982,897968,1657962,340.359985,223.580002,125.4,20.1,18.29,18.91
Nov-1989,519331,248380,185133,226082,3591,15732,101485,204434,903921,1663157,345.98999,230.720001,125.9,19.86,18.32,18.73
Dec-1989,584589,248569,169361,227439,7645,15761,99711,199227,906397,1581419,353.399994,245.940002,126.3,21.1,20.05,19.84
Jan-1990,525878,248743,192572,233931,4084,15572,105370,202133,905718,1629687,329.079987,240.529999,127.5,22.86,20.51,21.25
Feb-1990,480896,248920,165046,209923,2843,15578,98047,203409,908995,1634646,331.890015,245.639999,128,22.11,19.78,19.81
Mar-1990,529703,249146,189625,230434,4104,15582,110567,219494,915608,1641913,339.940002,244.520004,128.6,20.39,18.94,18.39
Apr-1990,503351,249436,174393,222215,3338,15582,105908,223797,933275,1640188,330.799988,234.389999,128.9,18.43,16.66,16.61
May-1990,524350,249707,200067,227179,3474,15582,111473,234347,943871,1671526,361.230011,247,129.1,18.2,16.07,16.35
Jun-1990,514961,249990,192704,213175,2639,15597,111503,234775,953585,1685033,358.019989,239.600006,129.9,16.7,15.15,15.1
Jul-1990,529591,250285,212514,222371,2762,15598,109670,226735,955799,1709064,356.149994,262.880005,130.5,18.45,16.54,17.17
Aug-1990,559565,250595,200000,225886,1990,15701,105882,222505,948544,1698525,322.559998,261.369995,131.6,27.31,24.26,27.17
Sep-1990,495360,250904,169907,216715,2050,15702,102107,204604,939651,1698230,306.049988,251.600006,132.5,33.51,29.88,34.9
Oct-1990,524967,251201,159080,233799,3233,15666,102146,205640,919185,1674446,304,243.979996,133.4,36.04,32.88,36.02
Nov-1990,500850,251486,152549,221598,4124,15666,100526,205208,916516,1653864,322.220001,248.830002,133.7,32.33,30.19,33.07
Dec-1990,511328,251758,142930,227463,5013,15656,94496,193243,905642,1620633,330.220001,240.570007,134.2,27.28,25.56,28.27
Jan-1991,523670,252012,164167,232498,1565,15676,93010,186297,893210,1586583,343.929993,232.880005,134.7,25.23,22.3,23.57
Feb-1991,457486,252253,153588,213836,4267,15677,95317,195136,898044,1573344,367.070007,251.889999,134.8,20.48,18.3,19.54
Mar-1991,502581,252507,160149,233926,4233,15686,100975,201429,895377,1557613,375.220001,246.679993,134.8,19.9,17.58,19.08
Apr-1991,484163,252778,165877,225256,4857,15698,101380,200902,892962,1577938,375.339996,254.899994,135.1,20.83,18.32,19.18
May-1991,501860,253060,197257,229670,5114,15709,111484,207915,897177,1626106,389.829987,250.770004,135.6,21.23,18.36,19.19
Jun-1991,506333,253350,190019,219610,2352,15726,106599,206464,904637,1633524,371.160004,238.020004,136,20.19,17.78,18.17
Jul-1991,526087,253650,184597,227756,4302,15694,105095,200302,900439,1634964,387.809998,252.5,136.2,21.4,18.14,19.4
Aug-1991,532675,253966,205988,226801,1700,15724,102769,209027,899868,1647965,395.429993,253.860001,136.6,21.69,18.71,19.77
Sep-1991,505429,254280,174347,221029,3273,15724,97165,208443,890706,1662876,387.859985,249.729996,137,21.89,19,20.5
Oct-1991,526870,254576,176182,230557,2839,15722,101185,205581,895047,1644041,392.450012,252.350006,137.2,23.23,19.86,22.21
Nov-1991,501911,254841,165853,219833,3773,15722,98846,205488,897788,1647185,375.220001,226.380005,137.8,22.46,19.35,21.11
Dec-1991,531485,255089,172508,226267,4109,15722,91203,200785,888504,1616954,417.089996,236.110001,138.2,19.5,17.17,18.41
Jan-1992,527375,255331,184640,228178,3653,15696,98335,208377,886802,1610229,408.779999,225.550003,138.3,18.79,16.1,18.16
Feb-1992,489886,255576,147293,214269,647,15671,99666,209755,888704,1587613,412.700012,218.690002,138.6,19.01,16,18.05
Mar-1992,521571,255848,164957,227798,3263,15618,100343,203642,897705,1570825,403.690002,212.649994,139.1,18.92,16.36,17.63
Apr-1992,502929,256139,183798,218775,693,15626,101634,208727,898314,1583053,414.950012,234.820007,139.4,20.23,17.37,18.92
May-1992,511048,256437,187873,222227,3272,15490,100632,208360,901771,1602438,415.350006,240.820007,139.7,20.98,18.79,19.89
Jun-1992,509344,256742,185143,215019,3213,15458,95581,198150,893083,1603134,408.140015,227.449997,140.1,22.39,19.83,21.16
Jul-1992,531442,257063,210673,221064,1651,15432,101348,195789,881175,1619684,424.209991,239.309998,140.5,21.78,19.74,20.24
Aug-1992,524787,257390,200165,214575,4108,15322,99646,193644,881907,1620828,414.029999,242.869995,140.8,21.34,19.25,19.74
Sep-1992,506265,257704,186539,210904,2028,15308,96867,190910,879780,1635608,417.799988,241.570007,141.1,21.88,19.26,20.27
Oct-1992,540892,258004,207565,220898,3292,15287,97393,199839,883482,1640336,418.679993,231.050003,141.7,21.69,19.34,20.26
Nov-1992,512730,258280,183635,210724,3325,15304,95641,191846,880168,1635832,431.350006,225.479996,142.1,20.34,18.4,19.21
Dec-1992,555755,258546,184060,220200,3329,15311,87748,193064,882869,1591974,435.709991,229.110001,142.3,19.41,16.94,18.14
Jan-1993,501374,258799,195059,215791,3984,15121,99879,193175,879506,1618467,438.779999,233.850006,142.8,19.03,16.8,17.39
Feb-1993,485354,259036,172358,194393,4646,15129,97874,202103,889026,1602299,443.380005,243.080002,143.1,20.09,17.41,18.47
Mar-1993,544816,259283,201113,216198,4301,15133,98190,203646,897994,1590206,451.670013,252.710007,143.3,20.32,17.82,18.79
Apr-1993,503439,259547,207851,206439,2189,15139,102928,209516,906753,1616565,440.190002,258.429993,143.8,20.25,18.35,18.67
May-1993,511747,259822,211074,212255,3479,15151,104773,214153,916172,1649507,450.190002,260.940002,144.2,19.95,17.89,18.51
Jun-1993,512878,260109,216035,203842,4493,15166,106378,210483,915222,1666731,450.529999,252.970001,144.3,19.09,16.8,17.65
Jul-1993,538070,260411,225954,207339,1936,15198,100646,216770,919357,1682328,448.130005,256.019989,144.5,17.89,15.81,16.78
Aug-1993,537278,260717,205858,209492,1712,15140,94911,206233,912882,1675961,463.559998,265.470001,144.8,18.01,15.64,16.7
Sep-1993,529508,261015,197433,201347,3204,15142,92607,198503,903719,1665385,458.929993,268.059998,145,17.5,15.32,16.01
Oct-1993,537012,261294,222624,212003,1929,15137,96993,201232,899645,1688069,467.829987,268.019989,145.6,18.15,15.59,16.61
Nov-1993,533395,261550,209905,207349,2016,15151,97983,204942,902970,1685997,461.790009,250.880005,146,16.61,14.05,15.2
Dec-1993,556536,261796,211966,212585,1944,15105,93261,209475,913517,1647219,466.450012,252.789993,146.3,14.52,12.56,13.73
Jan-1994,560233,262021,184295,211320,3401,15058,96577,204336,901598,1621924,481.609985,266.549988,146.3,15.03,12.93,14.29
Feb-1994,513444,262237,176774,189569,3244,15028,98716,198406,901481,1585876,467.140015,255.729996,146.7,14.78,12.9,13.8
Mar-1994,536696,262491,197531,209114,1256,15028,103724,197951,905987,1584184,445.769989,244.089996,147.1,14.68,13.18,13.82
Apr-1994,524661,262754,208661,198363,3585,15161,102685,198206,911093,1590659,450.910004,260.01001,147.2,16.42,14.54,15.23
May-1994,532616,263014,223135,207334,3647,15162,101088,192900,907482,1612401,456.5,262.160004,147.5,17.89,15.74,16.19
Jun-1994,534461,263294,220729,198318,3218,15162,100774,188692,900752,1624184,444.269989,257.480011,147.9,19.06,17.04,16.76
Jul-1994,542046,263580,243574,201527,2607,15163,103984,186202,905394,1654336,458.26001,270.339996,148.4,19.66,17.52,17.6
Aug-1994,561618,263871,232117,202869,2232,15165,100596,193563,901862,1659348,475.48999,268.26001,149,18.38,16.66,16.89
Sep-1994,524709,264159,236041,198264,1833,15207,98110,201940,902882,1683513,462.709991,260.359985,149.3,17.45,15.91,15.9
Oct-1994,549299,264430,221230,206398,4285,15212,95681,207022,913384,1672597,472.350006,279.940002,149.4,17.72,16.27,16.49
Nov-1994,519447,264681,211012,198850,3048,15217,100930,209093,916938,1687034,453.690002,263.339996,149.8,18.07,16.46,17.19
Dec-1994,567899,264924,222973,209550,3664,15227,97929,200751,910579,1652785,459.269989,261.75,150.1,17.16,15.78,15.93
Jan-1995,533785,265157,201657,207148,3493,15434,102167,183456,901992,1643391,470.420013,263.529999,150.5,18.04,16.56,16.55
Feb-1995,511803,265383,183282,190245,2653,15436,101749,186225,899019,1607708,487.390015,271.279999,150.9,18.57,17.21,17.11
Mar-1995,542000,265625,229132,204613,2099,15440,101302,196995,903790,1601011,500.709991,285.98999,151.2,18.54,17.21,17.01
Apr-1995,514265,265877,211126,198111,4662,15440,107365,192973,911310,1601378,514.710022,293.209991,151.8,19.9,18.7,18.65
May-1995,536097,266134,227067,205509,2256,15385,101758,190675,905903,1611678,533.400024,300.959991,152.1,19.74,18.56,18.35
Jun-1995,543919,266414,237810,197359,3028,15385,98065,195052,896635,1608957,544.75,290.029999,152.4,18.45,17.43,17.31
Jul-1995,531547,266700,225215,199912,3184,15376,98406,180611,890938,1624436,562.059998,298.730011,152.6,17.33,16.5,15.85
Aug-1995,559362,266998,230537,199846,1905,15393,104607,172519,881764,1614321,561.880005,287.609985,152.9,18.02,16.54,16.1
Sep-1995,540776,267304,240210,192484,2234,15272,98306,175144,882869,1619692,584.409973,291.51001,153.1,18.23,16.71,16.7
Oct-1995,547183,267585,219316,199055,1543,15191,97953,175878,874276,1606658,581.5,289.279999,153.5,17.43,16.29,16.11
Nov-1995,539379,267829,219061,197559,3530,15196,100885,177963,884891,1604002,605.369995,302.51001,153.7,17.99,16.52,16.86
Dec-1995,569360,268047,214397,202428,3922,15210,85731,176326,886447,1562852,615.929993,320.799988,153.9,19.03,17.53,17.93
Jan-1996,566079,268258,226397,201354,2752,15333,92442,174290,881163,1544253,636.02002,321.790009,154.7,18.86,17.48,17.85
Feb-1996,539974,268480,191754,190727,2674,15164,90758,174207,877189,1500274,640.429993,320.350006,155,19.09,17.77,18
Mar-1996,567321,268724,223671,203715,2918,15186,92993,171282,874090,1481772,645.5,339.399994,155.5,21.33,19.9,19.85
Apr-1996,536547,268980,221116,193317,4448,15186,98701,169835,868931,1501631,654.169983,342.959991,156.1,23.5,21.33,20.9
May-1996,556654,269247,248909,198208,1138,15182,95315,175722,871764,1519542,669.119995,342.01001,156.4,21.17,20.12,19.15
Jun-1996,543207,269527,238747,193746,3889,15224,103729,178035,876882,1546497,670.630005,342.959991,156.7,20.42,19.32,18.46
Jul-1996,564533,269822,241797,196471,4314,15249,102546,177285,878473,1550013,639.950012,333.170013,157,21.3,19.6,19.57
Aug-1996,578396,270130,249286,197162,1378,15306,106264,179591,874184,1545382,651.98999,339.970001,157.2,21.9,20.53,20.51
Sep-1996,529637,270433,220599,194456,4410,15259,96195,179661,866182,1551463,687.330017,356.149994,157.7,23.97,22.04,22.63
Oct-1996,594302,270730,238717,200907,4144,15259,95389,181647,859551,1537692,705.27002,371.880005,158.2,24.88,23.22,24.16
Nov-1996,556054,271002,220314,194268,5161,15259,92068,180145,861206,1521745,757.02002,388.890015,158.7,23.71,22.66,22.76
Dec-1996,568355,271243,226532,201685,2985,15259,83917,170479,846954,1507416,740.73999,390.170013,159.1,25.23,23.22,23.78
Jan-1997,575184,271472,232255,198466,4382,15452,96987,169974,838890,1500682,786.159973,405.640015,159.4,25.13,23.02,23.54
Feb-1997,515145,271703,208159,182400,6414,15452,95016,175431,849655,1481675,790.820007,386.089996,159.7,22.18,20.88,20.85
Mar-1997,553739,271952,240380,200013,4230,15632,97777,190753,853076,1511551,757.119995,399.589996,159.8,20.97,19.16,19.13
Apr-1997,556769,272213,239601,193239,2772,15616,99712,193849,860915,1517575,801.340027,397.350006,159.9,19.7,17.83,17.56
May-1997,567078,272482,268234,200702,800,15616,103826,196965,868330,1561043,848.280029,423,159.9,20.82,18.55,19.02
Jun-1997,558515,272767,262763,193252,1708,15638,100863,192079,869699,1574812,885.140015,435.679993,160.2,19.26,17.35,17.58
Jul-1997,592306,273074,253506,198691,2166,15639,98530,183668,864364,1559004,954.309998,463.799988,160.4,19.66,17.49,18.46
Aug-1997,575517,273395,267244,196769,3419,15641,93208,180911,856635,1570148,899.469971,457.5,160.8,19.95,17.96,18.6
Sep-1997,556849,273703,265199,194575,3665,15602,98028,181479,848611,1592273,947.280029,486.970001,161.2,19.8,17.85,18.46
Oct-1997,591200,273989,276743,200482,4717,15602,99540,191306,852718,1597809,914.619995,470.570007,161.5,21.33,18.73,19.87
Nov-1997,557349,274249,250987,193778,975,15602,101970,195288,863785,1599519,955.400024,463.48999,161.7,20.19,17.88,19.17
Dec-1997,596759,274499,237228,202464,4060,15628,90663,188580,863453,1559759,970.429993,454.359985,161.8,18.33,15.95,17.18
Jan-1998,569212,274732,258506,202756,7146,15711,97791,191174,861217,1569770,980.280029,432.649994,162,16.72,14.33,15.19
Feb-1998,512856,274943,225255,181321,5514,15716,100457,191217,870731,1568605,"1,049.339966",460.459991,162,16.06,13.32,14.07
Mar-1998,579239,275175,251835,198639,3073,15735,104200,203819,872711,1586947,"1,101.75",477.380005,162,15.12,12.34,13.1
Apr-1998,571320,275434,269552,194483,4888,15692,107158,219272,884571,1614074,"1,111.75",488.299988,162.2,15.35,12.81,13.53
May-1998,569624,275700,278595,196754,4451,15708,108207,218175,894841,1651983,"1,090.819946",474.299988,162.6,14.91,12.61,14.36
Jun-1998,575446,275976,263842,188018,1877,15821,106937,199995,890525,1650702,"1,133.839966",467.76001,162.8,13.72,11.61,12.21
Jul-1998,603451,276266,294715,192026,3222,15826,109684,205819,887173,1661499,"1,120.670044",432.339996,163.2,14.17,11.55,12.08
Aug-1998,599748,276566,284481,192282,1585,15828,103298,202611,887931,1668858,957.280029,390.709991,163.4,13.47,11.34,11.91
Sep-1998,566848,276859,255012,173676,1035,15828,99572,189424,869801,1652490,"1,017.01001",440.839996,163.5,15.03,12.77,13.34
Oct-1998,594824,277140,268678,190420,2704,15880,105095,200258,879127,1649419,"1,098.670044",435.070007,163.9,14.46,12.11,12.7
Nov-1998,560190,277402,268204,184198,1814,15927,100411,209434,886085,1671784,"1,163.630005",443.339996,164.1,13,10.99,11.04
Dec-1998,601998,277658,258909,187347,2793,15951,99108,202272,887374,1646975,"1,229.22998",433.190002,164.4,11.35,9.39,9.82
Jan-1999,589894,277891,260189,184864,3332,16261,105624,205869,880846,1642103,"1,279.640015",394.970001,164.7,12.52,10.16,11.11
Feb-1999,534991,278095,237109,167034,3342,16245,107750,203943,888384,1635355,"1,238.329956",384.959991,164.7,12.01,10.33,10.27
Mar-1999,604395,278324,270921,182362,2960,16256,108567,212025,895318,1620118,"1,286.369995",450.589996,164.8,14.68,12.1,12.51
Apr-1999,574548,278584,277686,176616,9962,16258,107334,202740,896713,1624089,"1,335.180054",515.080017,165.9,17.31,14.82,15.29
May-1999,579867,278859,282050,182122,2742,16271,115090,200663,888857,1657542,"1,301.839966",505.390015,166,17.72,15.57,15.23
Jun-1999,595094,279148,266645,172808,3679,16276,106727,200440,889735,1642303,"1,372.709961",508.329987,166,17.92,15.91,15.86
Jul-1999,614423,279448,291123,179738,3717,16287,110321,197699,888771,1643652,"1,328.719971",514.679993,166.7,20.1,18.05,19.08
Aug-1999,622884,279752,276154,179187,4102,16287,104502,187778,879378,1621628,"1,320.410034",521.609985,167.1,21.28,19.56,20.22
Sep-1999,584477,280053,255799,174113,811,16317,100804,179226,868319,1614843,"1,282.709961",507.380005,167.8,23.8,21.64,22.54
Oct-1999,615915,280337,266999,184361,1749,16317,100063,180096,860767,1585057,"1,362.930054",503.470001,168.1,22.69,21.62,22
Nov-1999,572616,280594,246722,178811,2505,16327,99431,177847,859276,1570507,"1,388.910034",511.640015,168.4,25,23.14,24.58
Dec-1999,635453,280846,255266,184716,4131,16276,93024,168645,845718,1492931,"1,469.25",503,168.8,26.1,24.35,25.47
Jan-2000,589799,281083,242698,179316,5450,16512,97824,163238,841987,1477448,"1,394.459961",467.790009,169.3,27.26,25.29,25.51
Feb-2000,569417,281299,241236,169703,871,16505,101767,160151,838938,1466210,"1,366.420044",430.299988,170,29.37,27.39,27.78
Mar-2000,595752,281531,272503,183464,4449,16505,102119,171573,845451,1476302,"1,498.579956",501.98999,171,29.84,27.7,27.49
Apr-2000,564493,281763,280228,175625,3706,16505,105340,176892,856023,1505432,"1,452.430054",488.920013,170.9,25.72,24.29,22.76
May-2000,607755,281996,281621,181242,1062,16506,103648,167161,861531,1517741,"1,420.599976",537.969971,171.2,28.79,26.35,27.74
Jun-2000,601623,282247,286000,174686,282,16496,101323,164894,849976,1525954,"1,454.599976",505.350006,172.2,31.82,28.91,29.8
Jul-2000,610585,282504,291346,177920,466,16496,101429,158844,845293,1539634,"1,430.829956",480.589996,172.7,29.7,28,28.68
Aug-2000,635381,282769,308103,179451,536,16548,103079,162605,841439,1531794,"1,517.680054",520.25,172.7,31.26,28.8,30.2
Sep-2000,596968,283033,284528,172731,688,16549,99565,156907,842652,1526910,"1,436.51001",526.679993,173.6,33.88,30.56,33.14
Oct-2000,613744,283285,278052,180080,273,16559,95302,161362,839117,1506655,"1,429.400024",518.869995,173.9,33.11,29.71,30.96
Nov-2000,579827,283523,267387,174980,71,16559,100576,162741,832053,1505414,"1,314.949951",505.100006,174.2,34.42,30,32.55
Dec-2000,645249,283748,286114,181508,498,16559,97702,165004,819838,1467547,"1,320.280029",536.25,174.6,28.44,25.19,25.66
Jan-2001,622856,283960,276911,179767,545,16568,101270,171422,810545,1478528,"1,366.01001",527.97998,175.6,29.59,24.49,25.62
Feb-2001,551303,284166,241046,161843,674,16568,96600,162999,808276,1472902,"1,239.939941",525.390015,176,29.61,24.97,27.5
Mar-2001,616161,284380,297683,182290,1147,16620,103407,184469,817275,1484056,"1,160.329956",529.440002,176.1,27.25,23.01,24.5
Apr-2001,591867,284602,303320,175879,145,16608,109386,200475,838453,1521526,"1,249.459961",584.799988,176.4,27.49,22.99,25.66
May-2001,604530,284834,306450,180712,1981,16618,105328,197173,848582,1555265,"1,255.819946",586.159973,177.3,28.63,24.63,28.31
Jun-2001,586829,285076,273160,172974,452,16627,102734,182465,843229,1563020,"1,224.380005",548.849976,177.7,27.6,23.95,27.85
Jul-2001,617494,285324,296127,178208,334,16662,104073,183313,840538,1568330,"1,211.22998",548.280029,177.4,26.43,22.76,24.61
Aug-2001,624740,285584,290870,177488,874,16662,103763,181795,831544,1548249,"1,133.579956",548.849976,177.4,27.37,23.77,25.68
Sep-2001,570485,285842,280182,171270,238,16510,102146,182553,832564,1578940,"1,040.939941",498.160004,178.1,26.2,22.51,25.62
Oct-2001,614536,286086,285531,178129,351,16510,103905,186952,834154,1576990,"1,059.780029",507.970001,177.6,22.17,18.76,20.54
Nov-2001,581879,286315,279594,176441,265,16512,102057,185881,840445,1587757,"1,139.449951",490.799988,177.5,19.64,16.06,18.8
Dec-2001,589098,286533,274020,182511,380,16512,102630,187512,842278,1586349,"1,148.079956",519.98999,177.4,19.39,15.95,18.71
Jan-2002,603059,286739,269965,182076,339,16755,94497,200649,848945,1590645,"1,130.199951",508.200012,177.7,19.72,17.04,19.42
Feb-2002,544423,286935,245094,164666,124,16755,106419,196086,859179,1576425,"1,106.72998",526.080017,178,20.72,18.24,20.28
Mar-2002,609965,287131,272781,182460,254,16755,108477,201418,865501,1572822,"1,147.390015",565.869995,178.5,24.53,22.29,23.7
Apr-2002,586562,287343,279024,175333,228,16757,108983,193626,869994,1588439,"1,076.920044",541.599976,179.3,26.18,23.98,25.73
May-2002,611573,287571,289026,183057,224,16757,112638,192650,871987,1610944,"1,067.140015",545.929993,179.5,27.04,24.44,25.35
Jun-2002,596246,287808,279718,176532,161,16764,104101,191122,879016,1616137,989.820007,548.450012,179.6,25.52,23.45,24.08
Jul-2002,622351,288051,284708,178275,1016,16764,105667,175316,874057,1610814,911.619995,483.070007,180,26.97,24.99,25.74
Aug-2002,626859,288303,295874,179670,267,16764,103468,172065,865430,1596346,916.070007,490.589996,180.5,28.39,25.68,26.65
Sep-2002,583828,288554,263909,162336,218,16764,92279,156189,852820,1574063,815.280029,444.579987,180.8,29.66,27.14,28.4
Oct-2002,610030,288794,295480,166105,122,16700,100278,168949,852260,1573034,885.76001,430.070007,181.2,28.84,25.99,27.54
Nov-2002,599736,289012,289623,168706,290,16700,93394,171562,862574,1578466,936.309998,436.850006,181.5,26.35,23.68,24.34
Dec-2002,618244,289214,270973,177372,52,16700,91070,164639,867318,1547910,879.820007,446.839996,181.8,29.46,26.68,28.33
Jan-2003,620512,289412,267623,178412,318,16757,98119,153330,857519,1504403,855.700012,426.98999,182.6,32.95,30.3,31.18
Feb-2003,570500,289606,237278,161920,140,16747,100276,148094,855226,1460452,841.150024,425.859985,183.6,35.83,32.23,32.77
Mar-2003,610933,289809,285994,179907,297,16747,102018,156222,856348,1474478,848.179993,429.970001,183.9,33.51,29.23,30.61
Apr-2003,594912,290024,297835,171774,360,16747,106882,164989,865061,1496082,916.919983,430.76001,183.2,28.17,24.48,25
May-2003,599655,290250,314748,175568,452,16747,102847,159674,871339,1532900,963.590027,471.290009,182.9,28.11,25.15,25.86
Jun-2003,593798,290484,301151,169772,1363,16747,104328,158608,874143,1559756,974.5,473.649994,183.1,30.66,27.22,27.65
Jul-2003,622911,290726,311061,170452,214,16747,101151,160247,871873,1570434,990.309998,462.290009,183.7,30.76,27.95,28.35
Aug-2003,638153,290974,310705,172787,114,16747,100886,157300,877671,1571972,"1,008.01001",480.100006,184.5,31.57,28.5,29.89
Sep-2003,597976,291222,308615,168270,99,16747,100109,164244,883391,1597968,995.969971,480.160004,185.1,28.31,25.66,27.11
Oct-2003,625647,291463,311950,174020,433,16747,103786,166864,899713,1601678,"1,050.709961",490.279999,184.9,30.34,27.32,29.61
Nov-2003,596180,291677,280530,166397,638,16747,96953,163080,904867,1598206,"1,058.199951",495.049988,185,31.11,27.47,28.75
Dec-2003,641053,291868,300206,172715,109,16747,92051,154688,892980,1568303,"1,111.920044",562.609985,185.5,32.13,28.63,29.81
Jan-2004,634855,292046,289762,173132,191,16947,96168,154853,890053,1556354,"1,131.130005",563.289978,186.3,34.31,30.11,31.28
Feb-2004,605301,292230,270188,161583,223,16948,95699,167314,900668,1557130,"1,144.939941",593.419983,186.7,34.69,30.69,30.86
Mar-2004,634033,292434,312739,174115,599,16978,103340,171526,918152,1570788,"1,126.209961",593.859985,187.1,36.74,32.16,33.63
Apr-2004,616345,292651,303443,166810,1640,16978,101813,179561,934757,1580367,"1,107.300049",604.570007,187.4,36.75,32.34,33.59
May-2004,629710,292872,324012,172235,809,16978,104376,178089,943108,1610065,"1,120.680054",604.710022,188.2,40.28,35.68,37.57
Jun-2004,623395,293103,315989,162208,1349,16978,98040,185264,949419,1630882,"1,140.839966",637.460022,188.9,38.03,33.45,35.18
Jul-2004,647293,293350,319253,170011,549,16984,98002,175621,948498,1646102,"1,101.719971",651.679993,189.1,40.78,35.89,38.22
Aug-2004,651864,293603,324258,165072,409,16978,96524,162012,942504,1654216,"1,104.23999",639.450012,189.2,44.9,39.46,42.74
Sep-2004,615858,293857,290923,152444,1040,16978,93874,158441,930440,1641501,"1,114.579956",698.73999,189.8,45.94,40.42,43.2
Oct-2004,646687,294104,321222,160270,786,16982,98387,167047,934347,1637187,"1,130.199951",695.630005,190.8,53.28,45.36,49.78
Nov-2004,624161,294337,307154,162699,1253,16982,94607,171565,947114,1656220,"1,173.819946",743.849976,191.7,48.47,39.89,43.11
Dec-2004,658099,294561,313120,170815,933,16982,93172,171404,951151,1644805,"1,211.920044",721.119995,191.7,43.15,34.07,39.6
Jan-2005,641524,294768,309901,168831,1239,17125,92117,173788,954322,1631066,"1,181.27002",745.51001,191.6,46.84,37.56,44.51
Feb-2005,583252,294955,286124,154038,541,17125,98376,180817,961355,1646402,"1,203.599976",861.390015,192.4,48.15,39.72,45.48
Mar-2005,651274,295149,317497,173626,1111,17125,101660,197334,976094,1644426,"1,180.589966",852.52002,193.1,54.19,45.73,53.1
Apr-2005,604101,295359,306734,166885,1345,17129,101052,214495,995314,1685810,"1,156.849976",816.669983,193.7,52.98,45.25,51.88
May-2005,638792,295582,323400,173491,1694,17234,105189,207763,1009018,1713593,"1,191.5",826.409973,193.6,49.83,43.19,48.65
Jun-2005,635951,295824,322953,163263,640,17234,104470,200479,1007919,1723490,"1,191.329956",888.799988,193.7,56.35,49.28,54.35
Jul-2005,649104,296077,321697,162854,1058,17238,101570,195303,1001763,1727179,"1,234.180054",942.849976,194.9,59,52.79,57.52
Aug-2005,671648,296338,322526,161153,531,17230,99363,187318,1005371,1699944,"1,220.329956","1,017.299988",196.1,64.99,58.67,63.98
Sep-2005,604247,296606,274650,126417,727,17230,101841,182293,989465,1688275,"1,228.810059","1,076.310059",198.8,65.59,58.79,62.91
Oct-2005,627838,296857,292751,141200,530,17225,102219,200495,985260,1700287,"1,207.01001",985.619995,199.1,62.26,55.31,58.54
Nov-2005,618701,297089,307852,145708,1445,17225,103112,196885,989621,1713340,"1,249.47998",976.840027,198.1,58.32,49.97,55.24
Dec-2005,666357,297311,309886,154630,759,17224,100329,200578,990768,1681551,"1,248.290039",986.830017,198.1,59.41,50.85,56.86
Jan-2006,633525,297526,302761,156480,849,17339,97335,202789,988164,1696514,"1,280.079956","1,143.099976",199.3,65.49,55.85,62.99
Feb-2006,576155,297734,279530,140894,415,17341,101371,218246,993307,1702995,"1,280.660034","1,031.640015",199.4,61.63,52.8,60.21
Mar-2006,638859,297950,302241,155842,903,17390,99460,221053,1008452,1674831,"1,294.869995","1,070.550049",199.7,62.69,55.31,62.06
Apr-2006,606038,298170,295774,152450,794,17390,104491,220314,1016329,1684091,"1,310.609985","1,127.660034",200.7,69.44,62.41,70.26
May-2006,634167,298401,319400,159667,829,17390,102063,217313,1017930,1707169,"1,270.089966","1,098.209961",201.3,70.84,64.39,69.78
Jun-2006,629452,298653,321369,154884,987,17390,101588,214291,1017263,1712513,"1,270.199951","1,153.400024",201.8,70.95,63.79,68.56
Jul-2006,642948,298910,317114,157919,414,17392,98922,211722,1006690,1726740,"1,276.660034","1,203.47998",202.9,74.41,67.99,73.67
Aug-2006,664448,299178,327476,156232,472,17392,97032,214636,1003317,1746561,"1,303.819946","1,145.52002",203.8,73.04,66.45,73.23
Sep-2006,616765,299452,321298,150926,631,17393,98739,214604,998941,1768870,"1,335.849976","1,083.849976",202.8,63.8,57.29,61.96
Oct-2006,643837,299710,313272,158353,1152,17400,97725,217164,1004893,1752641,"1,377.939941","1,134.810059",201.9,58.89,52.7,57.81
Nov-2006,620061,299950,296627,151926,714,17400,95948,214516,1010409,1728775,"1,400.630005","1,211.910034",202,59.08,52.7,58.76
Dec-2006,644652,300178,296219,160768,839,17400,83895,204894,1001130,1703049,"1,418.300049","1,188.170044",203.1,61.96,54.97,62.47
Jan-2007,637580,300398,316538,158342,294,17440,94775,206218,992216,1706809,"1,438.23999","1,164.27002",203.437,54.51,49.57,53.68
Feb-2007,596651,300608,252238,143301,703,17443,92545,201540,997558,1648933,"1,406.819946","1,143.420044",204.226,59.28,53.77,57.56
Mar-2007,636610,300823,321781,158697,1047,17443,100362,208332,999247,1660261,"1,420.859985","1,216.310059",205.288,60.44,56.31,62.05
Apr-2007,616079,301045,304815,155407,573,17443,99732,218463,1005781,1676613,"1,482.369995","1,271.069946",205.904,63.98,60.45,67.49
May-2007,639235,301278,320168,161548,1117,17455,101179,228113,1014922,1706518,"1,530.619995","1,367.859985",206.755,63.46,61.55,67.21
Jun-2007,621692,301528,300437,152254,1565,17460,101649,228573,1020958,1712479,"1,503.349976","1,409.920044",207.234,67.49,65.24,71.05
Jul-2007,643155,301790,308120,156175,822,17460,100191,215062,1023093,1716222,"1,455.27002","1,362.51001",207.603,74.12,70.75,76.93
Aug-2007,651790,302064,319805,154060,1307,17460,95607,200939,1008408,1698588,"1,473.98999","1,365.76001",207.667,72.36,68.28,70.76
Sep-2007,612438,302334,309200,147061,1013,17448,101553,188447,995551,1699464,"1,526.75","1,440.150024",208.547,79.92,72.34,77.17
Oct-2007,634769,302590,303317,155680,337,17448,99742,185913,994071,1690449,"1,549.380005","1,495.699951",209.19,85.8,78.61,82.34
Nov-2007,616040,302834,300115,151021,603,17448,94320,180290,989096,1672428,"1,481.140015","1,429.640015",210.834,94.77,85.53,92.41
Dec-2007,642299,303062,304870,158427,626,17448,89070,174050,974197,1647633,"1,468.359985","1,559.699951",211.445,91.69,83.21,90.93
Jan-2008,627656,303280,312536,158566,364,17594,93858,180019,968319,1659070,"1,378.550049","1,370.209961",212.174,92.97,84.82,92.18
Feb-2008,580836,303494,279439,149297,578,17594,94310,186925,984844,1645959,"1,330.630005","1,420.75",212.687,95.39,87.41,94.99
Mar-2008,614758,303707,298712,160868,910,17594,98327,194026,995552,1637298,"1,322.699951","1,337.680054",213.448,105.45,96.96,103.64
Apr-2008,594449,303926,299373,155403,419,17594,99615,194948,999885,1648913,"1,385.589966","1,484.75",213.942,112.58,104.72,109.07
May-2008,613723,304157,299584,159437,581,17606,96216,185800,1003191,1656603,"1,400.380005","1,569.589966",215.208,125.4,116.55,122.8
Jun-2008,590342,304396,300528,154133,659,17610,92656,180597,988570,1668491,"1,280","1,535.390015",217.463,133.88,126.22,132.32
Jul-2008,606254,304646,314092,160481,894,17610,93754,179230,984093,1680705,"1,267.380005","1,329.310059",219.016,133.37,127.77,132.72
Aug-2008,597441,304903,320049,155092,1234,17610,96782,183803,991427,1693096,"1,282.829956","1,326.699951",218.69,116.67,111.19,113.24
Sep-2008,535165,305158,253396,119208,1173,17610,94416,185781,982202,1686870,"1,166.359985","1,156.26001",218.877,104.11,96.38,97.23
Oct-2008,610647,305403,312681,146868,1321,17621,92876,194547,993730,1693553,968.75,956.710022,216.995,76.61,70.84,71.58
Nov-2008,571573,305620,298309,152343,916,17621,95928,204358,1000949,1714474,896.23999,968.22998,213.153,57.31,49.1,52.45
Dec-2008,593409,305827,291995,158183,1413,17621,86598,216550,1003976,1719144,903.25,979.679993,211.398,41.12,35.59,39.95
Jan-2009,590234,306035,303136,159467,1122,17672,96326,231922,1018150,1747478,825.880005,935.309998,211.933,41.71,36.84,43.44
Feb-2009,527011,306237,254061,146698,833,17672,99191,233350,1036767,1758414,735.090027,825.849976,212.705,39.09,38.56,43.32
Mar-2009,580286,306438,290728,161776,943,17672,101686,240459,1045029,1784196,797.869995,851.070007,212.495,47.94,45.96,46.54
Apr-2009,560172,306645,281218,158344,799,17672,97762,249137,1064312,1797303,872.809998,876.400024,212.709,49.65,49.58,50.18
May-2009,564542,306863,272716,166684,1634,17672,96963,240455,1070700,1812794,919.140015,987.23999,213.022,59.03,56.77,57.3
Jun-2009,564829,307090,274054,158079,1698,17672,95023,229787,1059977,1826007,919.320007,918.900024,214.79,69.64,66.37,68.61
Jul-2009,577412,307322,281911,167336,971,17681,94169,230347,1052110,1831772,987.47998,961.200012,214.726,64.15,63.46,64.44
Aug-2009,587432,307570,273235,167945,1091,17681,94701,220302,1051758,1815681,"1,020.619995",978.880005,215.445,71.05,68.09,72.51
Sep-2009,557833,307826,277619,166765,1265,17681,94883,221076,1042839,1830408,"1,057.079956","1,024.439941",215.861,69.41,67.65,67.65
Oct-2009,582888,308071,265536,171258,2241,17688,93404,218144,1044995,1807079,"1,036.189941","1,052.800049",216.509,75.72,72.06,72.77
Nov-2009,562590,308289,262201,161838,1365,17688,93937,219288,1045187,1795899,"1,095.630005","1,068.569946",217.234,77.99,74.4,76.66
Dec-2009,596333,308495,253260,169004,2022,17688,90944,212168,1038593,1758336,"1,115.099976","1,068.209961",217.347,74.47,72.67,74.46
Jan-2010,577988,308706,263249,167529,1008,17597,93270,218884,1034826,1764315,"1,073.869995","1,016.780029",217.488,78.33,75.07,76.17
Feb-2010,527591,308904,245302,155496,1621,17584,93358,225446,1042027,1763107,"1,104.48999","1,021.070007",217.281,76.39,73.73,73.75
Mar-2010,591608,309095,289582,170975,1395,17584,98708,237373,1053921,1766000,"1,169.430054","1,081.199951",217.353,81.2,76.77,78.83
Apr-2010,571341,"309,280",291766,161770,1095,17589,97688,241334,1062845,1788986,"1,186.689941","1,096.23999",217.403,84.29,80.03,84.82
May-2010,584997,"309,459",299304,167427,1121,17589,96706,240280,1069334,1809301,"1,089.410034",963.47998,217.29,73.74,71.15,75.95
Jun-2010,586574,"309,647",297814,161384,937,17523,98060,243099,1069274,1820175,"1,030.709961",883.619995,217.199,75.34,71.91,74.76
Jul-2010,598544,"309,852",307894,164232,2140,17594,96434,238214,1062688,1834077,"1,101.599976",978.640015,217.605,76.32,73.27,75.58
Aug-2010,609854,"310,067",295837,168862,1113,17594,94216,240702,1063271,1840359,"1,049.329956",925.890015,217.923,76.6,73.52,77.04
Sep-2010,583758,"310,288",276863,168470,1838,17594,93467,244202,1064258,1839140,"1,141.199951","1,032.699951",218.275,75.24,73.15,77.84
Oct-2010,587978,"310,498",264726,174546,728,17528,95956,246599,1069141,1825121,"1,183.26001","1,079.560059",219.035,81.89,76.9,82.67
Nov-2010,568913,"310,689",260966,167255,953,17528,89527,236036,1065714,1805252,"1,180.550049","1,093.859985",219.59,84.25,79.92,85.28
Dec-2010,611599,"310,871",269553,173812,1249,17594,88982,218783,1048652,1771617,"1,257.640015","1,213.160034",220.472,89.15,85.59,91.45
Jan-2011,586674,"311,037",284678,170319,2228,17736,88892,231553,1043099,1786250,"1,286.119995","1,293.400024",221.187,89.17,87.61,96.52
Feb-2011,526688,"311,189",229140,151291,847,17736,85808,237851,1050912,1757213,"1,327.219971","1,365.089966",221.898,88.58,91.42,103.72
Mar-2011,595602,"311,351",284677,174068,1126,17736,93978,240812,1056751,1753412,"1,325.829956","1,378.829956",223.046,102.86,102.43,114.64
Apr-2011,557470,"311,522",265167,166728,1227,17736,93848,246753,1065133,1756410,"1,363.609985","1,402.959961",224.093,109.53,113.02,123.26
May-2011,570689,"311,699",280840,174296,1148,17736,96011,244818,1075608,1783986,"1,345.199951","1,332.189941",224.806,100.9,107.98,114.99
Jun-2011,575703,"311,894",277050,167619,1066,17736,95156,234429,1068929,1785716,"1,320.640015","1,304.310059",224.806,96.26,105.38,113.83
Jul-2011,580089,"312,101",287563,168617,2263,17736,93695,226776,1057628,1792659,"1,292.280029","1,284.51001",225.395,97.3,105.94,116.97
Aug-2011,600224,"312,317",277006,175576,1047,17736,91322,229121,1040443,1772387,"1,218.890015","1,164.26001",226.106,86.33,99,110.22
Sep-2011,565439,"312,537",267410,168416,1065,17736,88791,215156,1017356,1757624,"1,131.420044","1,031.819946",226.597,85.52,101.05,112.83
Oct-2011,583108,"312,737",276125,182923,1568,17736,93400,217554,1010804,1745599,"1,253.300049","1,221.26001",226.75,86.32,101.99,109.55
Nov-2011,571065,"312,920",261729,181022,1928,17730,91921,217706,1008851,1745567,"1,246.959961","1,232.75",227.169,97.16,107.67,110.77
Dec-2011,580894,"313,096",270037,187441,1646,17740,90640,214430,1003689,1724807,"1,257.599976","1,229.099976",227.223,98.56,106.52,107.87
Jan-2012,567522,"313,261",264348,191275,2425,17367,92155,223190,1005251,1744075,"1,312.410034","1,260.089966",227.842,100.27,105.25,110.69
Feb-2012,540230,"313,419",248296,181703,2127,17367,89282,228416,1011321,1739302,"1,365.680054","1,328.040039",228.329,102.2,108.08,119.33
Mar-2012,562623,"313,583",271888,196083,2196,17275,96095,247028,1021408,1755850,"1,408.469971","1,267.430054",228.807,106.16,111,125.45
Apr-2012,545451,"313,749",259077,189673,1228,17275,96746,256963,1040919,1757494,"1,397.910034","1,235.540039",229.187,103.32,108.54,119.75
May-2012,575889,"313,924",278720,197316,2571,17275,94087,265325,1053881,1770841,"1,310.329956","1,092.640015",228.713,94.66,103.26,110.34
Jun-2012,565571,"314,114",275790,187992,1381,17275,93423,263831,1055408,1783681,"1,362.160034","1,165.530029",228.524,82.3,92.18,95.16
Jul-2012,574077,"314,317",270061,199094,2388,17291,94647,248054,1047285,1786235,"1,379.319946","1,196.76001",228.59,87.9,92.99,102.62
Aug-2012,593350,"314,535",268600,196723,1866,17211,91331,241812,1033593,1774231,"1,406.579956","1,229.569946",229.918,94.13,97.04,113.36
Sep-2012,542866,"314,750",251431,197777,2038,17400,91604,249529,1032482,1792475,"1,440.670044","1,258.109985",231.015,94.51,101.82,112.86
Oct-2012,580131,"314,954",251338,215840,2079,17402,93440,252525,1039125,1782621,"1,412.160034","1,228.790039",231.638,89.49,100.92,111.71
Nov-2012,556000,"315,143",245487,212221,2201,17408,96684,251165,1042183,1782571,"1,416.180054","1,216.569946",231.249,86.53,98.07,109.06
Dec-2012,562406,"315,311",235719,220007,2191,17391,88781,242665,1036065,1778556,"1,426.189941","1,241.839966",231.221,87.86,93.7,109.49
Jan-2013,581411,"315,455",246629,219508,3384,17823,93647,251182,1030547,1781006,"1,498.109985","1,352.77002",231.679,94.76,97.91,112.96
Feb-2013,522315,"315,591",204191,200123,3705,17814,93557,257414,1041976,1759744,"1,514.680054","1,322.829956",232.937,95.31,99.23,116.05
Mar-2013,574466,"315,740",232398,223307,3310,17814,97494,262168,1051966,1762487,"1,569.189941","1,358.699951",232.282,92.94,99.11,108.47
Apr-2013,557375,"315,901",232807,221142,4151,17814,96043,265645,1057189,1777006,"1,597.569946","1,366.660034",231.797,92.02,96.45,102.25
May-2013,581753,"316,077",239970,227060,4034,17815,96028,265432,1061992,1786562,"1,630.73999","1,384.560059",231.893,94.51,98.5,102.56
Jun-2013,564046,"316,265",231930,218279,3723,17815,89729,255022,1058805,1788950,"1,606.280029","1,329.77002",232.445,95.77,97.17,102.92
Jul-2013,597263,"316,470",249788,233225,3217,17818,92109,244258,1034913,1787650,"1,685.72998","1,395.51001",232.9,104.67,101.56,107.93
Aug-2013,593591,"316,693",251079,233462,2192,17820,97578,234814,1028388,1791847,"1,632.969971","1,368.329956",233.456,106.57,104.16,111.28
Sep-2013,578156,"316,914",237699,235077,3162,17820,90764,250449,1026369,1801428,"1,681.550049","1,399.219971",233.544,106.29,103.49,111.6
Oct-2013,599181,"317,125",231822,240477,3679,17820,91946,256093,1044087,1777483,"1,756.540039","1,463.810059",233.669,100.54,97.84,109.08
Nov-2013,584716,"317,320",222248,237483,7578,17820,89058,249760,1054365,1756464,"1,805.810059","1,475.170044",234.1,93.86,90.36,107.79
Dec-2013,588635,"317,503",240919,245758,6834,17820,85114,238499,1035020,1727885,"1,848.359985","1,503.140015",234.719,97.63,90.57,110.76
Jan-2014,591943,"317,674",235269,250238,7698,17925,87366,244917,1019830,1714552,"1,782.589966","1,407.369995",235.288,94.62,89.71,108.12
Feb-2014,529650,"317,836",201572,228244,6907,17925,87915,254029,1027073,1715843,"1,859.449951","1,474.77002",235.547,100.82,96.1,108.9
Mar-2014,572147,"318,003",225487,257010,7794,17931,92714,256459,1041404,1723950,"1,872.339966","1,508.939941",236.028,100.8,97.13,107.48
Apr-2014,565136,"318,179",226639,255655,8448,17951,95770,264917,1056791,1751766,"1,883.949951","1,610.689941",236.468,102.07,97.33,107.76
May-2014,575777,"318,367",222177,267962,9567,17951,97744,262031,1053862,1781534,"1,923.569946","1,627.209961",236.918,102.18,98.46,109.54
Jun-2014,566106,"318,563",212025,262402,11833,17825,94714,255364,1045840,1785307,"1,960.22998","1,681.829956",237.231,105.79,100.26,111.8
Jul-2014,596962,"318,778",236534,274213,13045,17835,92979,241787,1033241,1789362,"1,930.670044","1,641.890015",237.498,103.59,98.75,106.77
Aug-2014,600707,"319,010",231649,276342,12136,17835,88509,239127,1022566,1795063,"2,003.369995","1,689.22998",237.46,96.54,93.23,101.61
Sep-2014,577184,"319,240",224851,272335,10479,17835,92270,236438,1018677,1808170,"1,972.290039","1,552.040039",237.477,93.21,89.38,97.09
Oct-2014,610969,"319,459",221600,286928,11653,17851,95244,250981,1033669,1801760,"2,018.050049","1,485.079956",237.43,84.4,82.75,87.43
Nov-2014,581169,"319,655",218845,279495,15619,17811,98470,253191,1039122,1811126,"2,067.560059","1,335.900024",236.983,75.79,74.34,79.44
Dec-2014,603779,"319,837",223978,296382,13053,17811,95794,261120,1041835,1825441,"2,058.899902","1,348.130005",236.252,59.29,57.36,62.34
Jan-2015,597102,"320,002",222315,290880,15342,17967,101200,284194,1054934,1847420,"1,994.98999","1,303.98999",234.718,47.22,44.74,47.76
Feb-2015,550604,"320,153",198807,266196,12380,17950,98384,312032,1087331,1847841,"2,104.5","1,376.310059",235.236,50.58,47.18,58.1
Mar-2015,599538,"320,317",235360,297133,13565,17950,103658,336882,1118870,1881064,"2,067.889893","1,330.630005",236.005,47.82,47.22,55.89
Apr-2015,577537,"320,493",216229,289651,17969,17962,101954,345637,1144717,1907095,"2,085.51001","1,427.150024",236.156,54.45,51.62,59.52
May-2015,598794,"320,679",224604,293681,16338,17962,101462,342063,1140681,1928459,"2,107.389893","1,340.01001",236.974,59.27,57.51,64.08
Jun-2015,595593,"320,876",219618,280622,13355,18056,102031,332961,1127638,1938598,"2,063.110107","1,303.709961",237.684,59.82,58.89,61.48
Jul-2015,624165,"321,090",228160,292693,16934,18097,99047,323037,1124005,1936370,"2,103.840088","1,211.560059",238.053,50.9,52.42,56.56
Aug-2015,618124,"321,315",239212,291851,14286,18098,100691,320753,1117361,1958370,"1,972.180054","1,143.609985",238.028,42.87,43.23,46.52
Sep-2015,582976,"321,540",216838,284344,12314,18138,102056,324002,1119639,1967709,"1,920.030029","1,058.359985",237.506,45.48,41.12,47.62
Oct-2015,604212,"321,755",220171,291271,15503,18133,105765,345007,1136941,1975254,"2,079.360107","1,196.099976",237.781,46.22,42.03,48.43
Nov-2015,573823,"321,950",221130,279648,9592,18186,101434,349187,1150911,1989222,"2,080.409912","1,190.98999",238.016,42.44,39.05,44.27
Dec-2015,607264,"322,138",244965,287168,12162,18186,100580,344259,1149994,1982022,"2,043.939941","1,072.709961",237.817,37.19,33.16,38.01
Jan-2016,590947,"322,315",236065,285111,15176,18317,101857,364798,1153560,2013657,"1,940.23999","1,012.090027",237.833,31.68,27.48,30.7
Feb-2016,575551,"322,475",229492,262610,13161,18317,108660,378043,1171746,2017956,"1,932.22998",981.090027,237.469,30.32,26.66,32.18
Mar-2016,611574,"322,636",248383,281760,18471,18319,101149,398409,1192197,2024345,"2,059.73999","1,072.209961",238.038,37.55,32.24,38.21
Apr-2016,580207,"322,811",228344,266065,18714,18319,103372,402238,1201620,2035178,"2,065.300049","1,160.27002",238.827,40.75,35.9,41.58
May-2016,599173,"322,994",245749,273504,24414,18319,105464,402292,1202121,2050532,"2,096.949951","1,115.319946",239.464,46.71,40.88,46.74
Jun-2016,595385,"323,190",226802,259624,15915,18433,103255,391712,1194776,2049443,"2,098.860107","1,145.439941",240.167,48.76,44.13,48.25
Jul-2016,613045,"323,396",250986,268018,16612,18433,103724,385674,1186326,2066491,"2,173.600098","1,116.01001",240.15,44.65,41.48,44.95
Aug-2016,628518,"323,606",248482,268963,22331,18433,100496,383340,1188002,2066350,"2,170.949951","1,125.810059",240.602,44.72,41.21,45.84
Sep-2016,592705,"323,815",241213,256015,23241,18456,98474,368856,1170302,2051217,"2,168.27002","1,152.5",241.051,45.18,40.86,46.57
Oct-2016,609153,"324,013",234666,273858,15552,18471,102239,386131,1168440,2053013,"2,126.149902","1,144.469971",241.691,49.78,44.76,49.52
Nov-2016,589766,"324,191",240691,266924,18170,18491,101702,386919,1183203,2056225,"2,198.810059","1,219.800049",242.029,45.66,41.8,44.73
Dec-2016,619503,"324,357",242335,272731,14518,18510,92756,387832,1178977,2029572,"2,238.830078","1,267.98999",242.772,51.97,46.72,53.31
Jan-2017,599008,"324,510",262811,274763,22046,18617,99207,403015,1182986,2052687,"2,278.870117","1,232.98999",243.78,52.5,48.12,54.58
Feb-2017,537331,"324,648",220558,254875,32092,18617,101847,420491,1211472,2049111,"2,363.639893","1,197.72998",243.961,53.47,49.38,54.87
Mar-2017,621864,"324,788",253114,284028,28831,18621,104787,430638,1225238,2030437,"2,362.719971","1,182.27002",243.749,49.33,46.53,51.59
Apr-2017,587860,"324,940",246132,273008,33835,18621,98947,420055,1221290,2028350,"2,384.199951","1,157.030029",244.051,51.06,47.47,52.31
May-2017,622054,"325,103",263106,284659,34049,18557,101180,411133,1205184,2033956,"2,411.800049","1,121.390015",243.962,48.48,47.21,50.33
Jun-2017,616837,"325,277",242677,273198,25953,18567,98921,397861,1192788,2009883,"2,423.409912","1,111.810059",244.182,45.18,44.03,46.37
Jul-2017,623687,"325,468",245369,286287,29642,18567,99934,380246,1166704,1998459,"2,470.300049","1,152.319946",244.39,46.63,44.76,48.48
Aug-2017,627787,"325,667",245611,286702,25338,18571,95544,361092,1144599,1987216,"2,471.649902","1,104.099976",245.297,48.04,47.62,51.7
Sep-2017,589218,"325,866",219708,285356,43899,18496,96733,369267,1143725,1977780,"2,519.360107","1,216.140015",246.418,49.82,50.46,56.15
Oct-2017,619679,"326,054",238109,299250,53327,18497,97328,357506,1129263,1941200,"2,575.26001","1,235.609985",246.587,51.58,51.4,57.51
Nov-2017,609217,"326,222",230230,302120,46323,18505,99015,349420,1124671,1923312,"2,584.840088","1,270.189941",247.332,56.64,56.3,62.71
Dec-2017,630027,"326,378",241245,309172,47184,18543,94752,321901,1099986,1894570,"2,673.610107","1,335.550049",247.901,57.88,57.44,64.37
Jan-2018,636899,"326,527",248552,310548,42221,18598,97302,317770,1079804,1882606,"2,823.810059","1,406.22998",248.884,63.7,59.71,69.08
Feb-2018,551004,"326,669",209942,287879,48589,18598,96007,324255,1086798,1879022,"2,713.830078","1,275.25",249.369,62.23,58.03,65.32
Mar-2018,643447,"326,812",236216,325625,61050,18598,95106,324875,1093541,1864084,"2,640.870117","1,326.800049",249.498,62.73,56.82,66.02
Apr-2018,601096,"326,968",247608,315308,57581,18598,101113,332065,1095448,1867696,"2,648.050049","1,472.140015",249.956,66.25,61.24,72.11
May-2018,627668,"327,134",242857,324245,64080,18598,102120,326684,1096615,1873069,"2,705.27002","1,528.829956",250.646,69.98,65.89,76.98
Jun-2018,623708,"327,312",254623,319472,68366,18598,99658,311780,1086090,1869206,"2,718.370117","1,516.01001",251.134,67.87,66.82,74.41
Jul-2018,641151,"327,502",246014,337621,71509,18598,98716,307900,1067516,1874625,"2,816.290039","1,563.72998",251.597,70.98,66.62,74.25
Aug-2018,662110,"327,698",247656,352176,57619,18601,99063,305023,1067457,1893824,"2,901.52002","1,506.069946",251.879,68.06,65.48,72.53
Sep-2018,602484,"327,893",227795,344930,60453,18601,99566,313265,1057581,1933191,"2,913.97998","1,555.810059",252.01,70.23,66.7,78.89
Oct-2018,642767,"328,077",227975,360572,69951,18603,96231,333502,1075733,1918649,"2,711.73999","1,359.619995",252.794,70.75,67.79,81.03
Nov-2018,622395,"328,241",226251,359979,72013,18603,97534,348590,1095024,1911757,"2,760.169922","1,303.050049",252.76,56.96,54.4,64.75
Dec-2018,629407,"328,393",220002,373164,74109,18603,92421,346307,1090804,1913240,"2,506.850098","1,159.099976",252.723,49.52,42.8,57.36
Jan-2019,634016,"328,539",233126,367548,79830,18762,97777,347417,1091079,1919617,"2,704.100098","1,284.01001",252.673,51.38,49.57,59.41
Feb-2019,565424,"328,677",186243,326734,83721,18767,93078,353201,1098745,1902362,"2,784.48999","1,289.150024",253.113,54.95,56.5,63.96
Mar-2019,626337,"328,817",209541,368644,83196,18807,94781,359704,1095784,1898151,"2,834.399902","1,301.849976",254.148,58.15,61.14,66.14
Apr-2019,603368,"328,969",210741,363682,85276,18802,100194,363688,1109717,1915886,"2,945.830078","1,327.569946",254.958,63.86,65.42,71.23
May-2019,628031,"329,131",221900,375507,89908,18802,102604,373569,1120659,1957062,"2,752.060059","1,170.76001",255.155,60.83,65.03,71.32
Jun-2019,618110,"329,304",214233,361805,94776,18802,98881,362100,1121293,1954933,"2,941.76001","1,274.640015",255.305,54.66,58.16,64.22
Jul-2019,642995,"329,493",214988,364736,83512,18802,93875,345001,1093931,1959491,"2,980.379883","1,258.430054",256.161,57.35,59.18,63.92
Aug-2019,652928,"329,689",215273,383317,84550,18808,92884,336279,1078407,1951966,"2,926.459961","1,165.719971",256.3,54.81,55.41,59.04