,NA000334Q,Oil,Weekly U.S. Ending Stocks of Crude Oil  (Thousand Barrels)
1947-01-01,58497,,
1947-01-01,58497,,
1947-01-01,58497,,
1947-04-01,60672,,
1947-04-01,60672,,
1947-04-01,60672,,
1947-07-01,62196,,
1947-07-01,62196,,
1947-07-01,62196,,
1947-10-01,68250,,
1947-10-01,68250,,
1947-10-01,68250,,
1948-01-01,64258,,
1948-01-01,64258,,
1948-01-01,64258,,
1948-04-01,66539,,
1948-04-01,66539,,
1948-04-01,66539,,
1948-07-01,69378,,
1948-07-01,69378,,
1948-07-01,69378,,
1948-10-01,74295,,
1948-10-01,74295,,
1948-10-01,74295,,
1949-01-01,66185,,
1949-01-01,66185,,
1949-01-01,66185,,
1949-04-01,66340,,
1949-04-01,66340,,
1949-04-01,66340,,
1949-07-01,68625,,
1949-07-01,68625,,
1949-07-01,68625,,
1949-10-01,71322,,
1949-10-01,71322,,
1949-10-01,71322,,
1950-01-01,68032,,
1950-01-01,68032,,
1950-01-01,68032,,
1950-04-01,70872,,
1950-04-01,70872,,
1950-04-01,70872,,
1950-07-01,77178,,
1950-07-01,77178,,
1950-07-01,77178,,
1950-10-01,83746,,
1950-10-01,83746,,
1950-10-01,83746,,
1951-01-01,81603,,
1951-01-01,81603,,
1951-01-01,81603,,
1951-04-01,84645,,
1951-04-01,84645,,
1951-04-01,84645,,
1951-07-01,87586,,
1951-07-01,87586,,
1951-07-01,87586,,
1951-10-01,93076,,
1951-10-01,93076,,
1951-10-01,93076,,
1952-01-01,87610,,
1952-01-01,87610,,
1952-01-01,87610,,
1952-04-01,88913,,
1952-04-01,88913,,
1952-04-01,88913,,
1952-07-01,91270,,
1952-07-01,91270,,
1952-07-01,91270,,
1952-10-01,99548,,
1952-10-01,99548,,
1952-10-01,99548,,
1953-01-01,94008,,
1953-01-01,94008,,
1953-01-01,94008,,
1953-04-01,97392,,
1953-04-01,97392,,
1953-04-01,97392,,
1953-07-01,96695,,
1953-07-01,96695,,
1953-07-01,96695,,
1953-10-01,101121,,
1953-10-01,101121,,
1953-10-01,101121,,
1954-01-01,93581,,
1954-01-01,93581,,
1954-01-01,93581,,
1954-04-01,96090,,
1954-04-01,96090,,
1954-04-01,96090,,
1954-07-01,96905,,
1954-07-01,96905,,
1954-07-01,96905,,
1954-10-01,103980,,
1954-10-01,103980,,
1954-10-01,103980,,
1955-01-01,99833,,
1955-01-01,99833,,
1955-01-01,99833,,
1955-04-01,104406,,
1955-04-01,104406,,
1955-04-01,104406,,
1955-07-01,107058,,
1955-07-01,107058,,
1955-07-01,107058,,
1955-10-01,114181,,
1955-10-01,114181,,
1955-10-01,114181,,
1956-01-01,106892,,
1956-01-01,106892,,
1956-01-01,106892,,
1956-04-01,110356,,
1956-04-01,110356,,
1956-04-01,110356,,
1956-07-01,111816,,
1956-07-01,111816,,
1956-07-01,111816,,
1956-10-01,120287,,
1956-10-01,120287,,
1956-10-01,120287,,
1957-01-01,113459,,
1957-01-01,113459,,
1957-01-01,113459,,
1957-04-01,117125,,
1957-04-01,117125,,
1957-04-01,117125,,
1957-07-01,119108,,
1957-07-01,119108,,
1957-07-01,119108,,
1957-10-01,124349,,
1957-10-01,124349,,
1957-10-01,124349,,
1958-01-01,113202,,
1958-01-01,113202,,
1958-01-01,113202,,
1958-04-01,117802,,
1958-04-01,117802,,
1958-04-01,117802,,
1958-07-01,120079,,
1958-07-01,120079,,
1958-07-01,120079,,
1958-10-01,130149,,
1958-10-01,130149,,
1958-10-01,130149,,
1959-01-01,123707,,
1959-01-01,123707,,
1959-01-01,123707,,
1959-04-01,131641,,
1959-04-01,131641,,
1959-04-01,131641,,
1959-07-01,130194,,
1959-07-01,130194,,
1959-07-01,130194,,
1959-10-01,136112,,
1959-10-01,136112,,
1959-10-01,136112,,
1960-01-01,131022,,
1960-01-01,131022,,
1960-01-01,131022,,
1960-04-01,136488,,
1960-04-01,136488,,
1960-04-01,136488,,
1960-07-01,135021,,
1960-07-01,135021,,
1960-07-01,135021,,
1960-10-01,139850,,
1960-10-01,139850,,
1960-10-01,139850,,
1961-01-01,132138,,
1961-01-01,132138,,
1961-01-01,132138,,
1961-04-01,140168,,
1961-04-01,140168,,
1961-04-01,140168,,
1961-07-01,140509,,
1961-07-01,140509,,
1961-07-01,140509,,
1961-10-01,149394,,
1961-10-01,149394,,
1961-10-01,149394,,
1962-01-01,144274,,
1962-01-01,144274,,
1962-01-01,144274,,
1962-04-01,150952,,
1962-04-01,150952,,
1962-04-01,150952,,
1962-07-01,150614,,
1962-07-01,150614,,
1962-07-01,150614,,
1962-10-01,158078,,
1962-10-01,158078,,
1962-10-01,158078,,
1963-01-01,150949,,
1963-01-01,150949,,
1963-01-01,150949,,
1963-04-01,158886,,
1963-04-01,158886,,
1963-04-01,158886,,
1963-07-01,159597,,
1963-07-01,159597,,
1963-07-01,159597,,
1963-10-01,168017,,
1963-10-01,168017,,
1963-10-01,168017,,
1964-01-01,162413,,
1964-01-01,162413,,
1964-01-01,162413,,
1964-04-01,170097,,
1964-04-01,170097,,
1964-04-01,170097,,
1964-07-01,171593,,
1964-07-01,171593,,
1964-07-01,171593,,
1964-10-01,180356,,
1964-10-01,180356,,
1964-10-01,180356,,
1965-01-01,173462,,
1965-01-01,173462,,
1965-01-01,173462,,
1965-04-01,183818,,
1965-04-01,183818,,
1965-04-01,183818,,
1965-07-01,185525,,
1965-07-01,185525,,
1965-07-01,185525,,
1965-10-01,199483,,
1965-10-01,199483,,
1965-10-01,199483,,
1966-01-01,191022,,
1966-01-01,191022,,
1966-01-01,191022,,
1966-04-01,201635,,
1966-04-01,201635,,
1966-04-01,201635,,
1966-07-01,203439,,
1966-07-01,203439,,
1966-07-01,203439,,
1966-10-01,217316,,
1966-10-01,217316,,
1966-10-01,217316,,
1967-01-01,204098,,
1967-01-01,204098,,
1967-01-01,204098,,
1967-04-01,213246,,
1967-04-01,213246,,
1967-04-01,213246,,
1967-07-01,214456,,
1967-07-01,214456,,
1967-07-01,214456,,
1967-10-01,228140,,
1967-10-01,228140,,
1967-10-01,228140,,
1968-01-01,218405,,
1968-01-01,218405,,
1968-01-01,218405,,
1968-04-01,234781,,
1968-04-01,234781,,
1968-04-01,234781,,
1968-07-01,235737,,
1968-07-01,235737,,
1968-07-01,235737,,
1968-10-01,251704,,
1968-10-01,251704,,
1968-10-01,251704,,
1969-01-01,238912,,
1969-01-01,238912,,
1969-01-01,238912,,
1969-04-01,254764,,
1969-04-01,254764,,
1969-04-01,254764,,
1969-07-01,255302,,
1969-07-01,255302,,
1969-07-01,255302,,
1969-10-01,268638,,
1969-10-01,268638,,
1969-10-01,268638,,
1970-01-01,253998,,
1970-01-01,253998,,
1970-01-01,253998,,
1970-04-01,268532,,
1970-04-01,268532,,
1970-04-01,268532,,
1970-07-01,268019,,
1970-07-01,268019,,
1970-07-01,268019,,
1970-10-01,282764,,
1970-10-01,282764,,
1970-10-01,282764,,
1971-01-01,273782,,
1971-01-01,273782,,
1971-01-01,273782,,
1971-04-01,291216,,
1971-04-01,291216,,
1971-04-01,291216,,
1971-07-01,291043,,
1971-07-01,291043,,
1971-07-01,291043,,
1971-10-01,308808,,
1971-10-01,308808,,
1971-10-01,308808,,
1972-01-01,299204,,
1972-01-01,299204,,
1972-01-01,299204,,
1972-04-01,318894,,
1972-04-01,318894,,
1972-04-01,318894,,
1972-07-01,319052,,
1972-07-01,319052,,
1972-07-01,319052,,
1972-10-01,341962,,
1972-10-01,341962,,
1972-10-01,341962,,
1973-01-01,333807,,
1973-01-01,333807,,
1973-01-01,333807,,
1973-04-01,354356,,
1973-04-01,354356,,
1973-04-01,354356,,
1973-07-01,354349,,
1973-07-01,354349,,
1973-07-01,354349,,
1973-10-01,382865,,
1973-10-01,382865,,
1973-10-01,382865,,
1974-01-01,361840,,
1974-01-01,361840,,
1974-01-01,361840,,
1974-04-01,384120,,
1974-04-01,384120,,
1974-04-01,384120,,
1974-07-01,385975,,
1974-07-01,385975,,
1974-07-01,385975,,
1974-10-01,413310,,
1974-10-01,413310,,
1974-10-01,413310,,
1975-01-01,391688,,
1975-01-01,391688,,
1975-01-01,391688,,
1975-04-01,414253,,
1975-04-01,414253,,
1975-04-01,414253,,
1975-07-01,423323,,
1975-07-01,423323,,
1975-07-01,423323,,
1975-10-01,455641,,
1975-10-01,455641,,
1975-10-01,455641,,
1976-01-01,441178,,
1976-01-01,441178,,
1976-01-01,441178,,
1976-04-01,465343,,
1976-04-01,465343,,
1976-04-01,465343,,
1976-07-01,466535,,
1976-07-01,466535,,
1976-07-01,466535,,
1976-10-01,500358,,
1976-10-01,500358,,
1976-10-01,500358,,
1977-01-01,481996,,
1977-01-01,481996,,
1977-01-01,481996,,
1977-04-01,515010,,
1977-04-01,515010,,
1977-04-01,515010,,
1977-07-01,526844,,
1977-07-01,526844,,
1977-07-01,526844,,
1977-10-01,557979,,
1977-10-01,557979,,
1977-10-01,557979,,
1978-01-01,534990,,
1978-01-01,534990,,
1978-01-01,534990,,
1978-04-01,583171,,
1978-04-01,583171,,
1978-04-01,583171,,
1978-07-01,596032,,
1978-07-01,596032,,
1978-07-01,596032,,
1978-10-01,637402,,
1978-10-01,637402,,
1978-10-01,637402,,
1979-01-01,618499,,
1979-01-01,618499,,
1979-01-01,618499,,
1979-04-01,648326,,
1979-04-01,648326,,
1979-04-01,648326,,
1979-07-01,658706,,
1979-07-01,658706,,
1979-07-01,658706,,
1979-10-01,701800,,
1979-10-01,701800,,
1979-10-01,701800,,
1980-01-01,683564,,
1980-01-01,683564,,
1980-01-01,683564,,
1980-04-01,698570,,
1980-04-01,698570,,
1980-04-01,698570,,
1980-07-01,707671,,
1980-07-01,707671,,
1980-07-01,707671,,
1980-10-01,767505,,
1980-10-01,767505,,
1980-10-01,767505,,
1981-01-01,758799,,
1981-01-01,758799,,
1981-01-01,758799,,
1981-04-01,791530,,
1981-04-01,791530,,
1981-04-01,791530,,
1981-07-01,811659,,
1981-07-01,811659,,
1981-07-01,811659,,
1981-10-01,845052,,
1981-10-01,845052,,
1981-10-01,845052,,
1982-01-01,803715,,
1982-01-01,803715,,
1982-01-01,803715,,
1982-04-01,831458,,
1982-04-01,831458,,
1982-04-01,831458,,
1982-07-01,834528,,
1982-07-01,834528,,
1982-07-01,834528,,
1982-10-01,874081,,613856.0
1982-10-01,874081,,613856.0
1982-10-01,874081,,613856.0
1983-01-01,850380,,631211.0
1983-01-01,850380,,631211.0
1983-01-01,850380,,631211.0
1983-04-01,895388,,651855.0
1983-04-01,895388,,651855.0
1983-04-01,895388,,651855.0
1983-07-01,916516,,662959.0
1983-07-01,916516,,662959.0
1983-07-01,916516,,662959.0
1983-10-01,971755,,694867.0
1983-10-01,971755,,694867.0
1983-10-01,971755,,694867.0
1984-01-01,962905,,710875.0
1984-01-01,962905,,710875.0
1984-01-01,962905,,710875.0
1984-04-01,1002687,,716572.0
1984-04-01,1002687,,716572.0
1984-04-01,1002687,,716572.0
1984-07-01,1011924,,751166.0
1984-07-01,1011924,,751166.0
1984-07-01,1011924,,751166.0
1984-10-01,1060096,,749612.0
1984-10-01,1060096,,749612.0
1984-10-01,1060096,,749612.0
1985-01-01,1033006,,774444.0
1985-01-01,1033006,,774444.0
1985-01-01,1033006,,774444.0
1985-04-01,1073981,,772170.0
1985-04-01,1073981,,772170.0
1985-04-01,1073981,,772170.0
1985-07-01,1090905,,793633.0
1985-07-01,1090905,,793633.0
1985-07-01,1090905,,793633.0
1985-10-01,1141088,,786862.0
1985-10-01,1141088,,786862.0
1985-10-01,1141088,,786862.0
1986-01-01,1104498,,795666.0
1986-01-01,1104498,,795666.0
1986-01-01,1104498,,795666.0
1986-04-01,1138030,,813640.0
1986-04-01,1138030,,813640.0
1986-04-01,1138030,,813640.0
1986-07-01,1148813,,806272.0
1986-07-01,1148813,,806272.0
1986-07-01,1148813,,806272.0
1986-10-01,1188288,,825771.0
1986-10-01,1188288,,825771.0
1986-10-01,1188288,,825771.0
1987-01-01,1148876,,821732.0
1987-01-01,1148876,,821732.0
1987-01-01,1148876,,821732.0
1987-04-01,1205023,,825658.0
1987-04-01,1205023,,825658.0
1987-04-01,1205023,,825658.0
1987-07-01,1218373,576.0,831527.0
1987-07-01,1218373,576.0,831527.0
1987-07-01,1218373,576.0,831527.0
1987-10-01,1282952,729.0,851387.0
1987-10-01,1282952,729.0,851387.0
1987-10-01,1282952,729.0,851387.0
1988-01-01,1236534,644.0,863579.0
1988-01-01,1236534,644.0,863579.0
1988-01-01,1236534,644.0,863579.0
1988-04-01,1297399,562.0,879684.0
1988-04-01,1297399,562.0,879684.0
1988-04-01,1297399,562.0,879684.0
1988-07-01,1319724,563.0,886541.0
1988-07-01,1319724,563.0,886541.0
1988-07-01,1319724,563.0,886541.0
1988-10-01,1382783,517.0,866835.0
1988-10-01,1382783,517.0,866835.0
1988-10-01,1382783,517.0,866835.0
1989-01-01,1346036,442.0,866200.0
1989-01-01,1346036,442.0,866200.0
1989-01-01,1346036,442.0,866200.0
1989-04-01,1405607,429.0,876178.0
1989-04-01,1405607,429.0,876178.0
1989-04-01,1405607,429.0,876178.0
1989-07-01,1418867,430.0,886860.0
1989-07-01,1418867,430.0,886860.0
1989-07-01,1418867,430.0,886860.0
1989-10-01,1471062,496.0,897968.0
1989-10-01,1471062,496.0,897968.0
1989-10-01,1471062,496.0,897968.0
1990-01-01,1434375,508.0,905718.0
1990-01-01,1434375,508.0,905718.0
1990-01-01,1434375,508.0,905718.0
1990-04-01,1490965,476.0,933275.0
1990-04-01,1490965,476.0,933275.0
1990-04-01,1490965,476.0,933275.0
1990-07-01,1499694,498.0,955799.0
1990-07-01,1499694,498.0,955799.0
1990-07-01,1499694,498.0,955799.0
1990-10-01,1538100,595.0,919185.0
1990-10-01,1538100,595.0,919185.0
1990-10-01,1538100,595.0,919185.0
1991-01-01,1475270,633.0,893210.0
1991-01-01,1475270,633.0,893210.0
1991-01-01,1475270,633.0,893210.0
1991-04-01,1532427,461.0,892962.0
1991-04-01,1532427,461.0,892962.0
1991-04-01,1532427,461.0,892962.0
1991-07-01,1548990,471.0,900439.0
1991-07-01,1548990,471.0,900439.0
1991-07-01,1548990,471.0,900439.0
1991-10-01,1601443,432.0,895047.0
1991-10-01,1601443,432.0,895047.0
1991-10-01,1601443,432.0,895047.0
1992-01-01,1554707,400.0,886802.0
1992-01-01,1554707,400.0,886802.0
1992-01-01,1554707,400.0,886802.0
1992-04-01,1619581,369.0,898314.0
1992-04-01,1619581,369.0,898314.0
1992-04-01,1619581,369.0,898314.0
1992-07-01,1640744,348.0,881175.0
1992-07-01,1640744,348.0,881175.0
1992-07-01,1640744,348.0,881175.0
1992-10-01,1705290,391.0,883482.0
1992-10-01,1705290,391.0,883482.0
1992-10-01,1705290,391.0,883482.0
1993-01-01,1638139,334.0,879506.0
1993-01-01,1638139,334.0,879506.0
1993-01-01,1638139,334.0,879506.0
1993-04-01,1701841,318.0,906753.0
1993-04-01,1701841,318.0,906753.0
1993-04-01,1701841,318.0,906753.0
1993-07-01,1724719,368.0,919357.0
1993-07-01,1724719,368.0,919357.0
1993-07-01,1724719,368.0,919357.0
1993-10-01,1793877,441.0,899645.0
1993-10-01,1793877,441.0,899645.0
1993-10-01,1793877,441.0,899645.0
1994-01-01,1736467,355.0,901598.0
1994-01-01,1736467,355.0,901598.0
1994-01-01,1736467,355.0,901598.0
1994-04-01,1809582,314.0,911093.0
1994-04-01,1809582,314.0,911093.0
1994-04-01,1809582,314.0,911093.0
1994-07-01,1837424,340.0,905394.0
1994-07-01,1837424,340.0,905394.0
1994-07-01,1837424,340.0,905394.0
1994-10-01,1903763,342.0,913384.0
1994-10-01,1903763,342.0,913384.0
1994-10-01,1903763,342.0,913384.0
1995-01-01,1835147,325.0,901992.0
1995-01-01,1835147,325.0,901992.0
1995-01-01,1835147,325.0,901992.0
1995-04-01,1897424,328.0,911310.0
1995-04-01,1897424,328.0,911310.0
1995-04-01,1897424,328.0,911310.0
1995-07-01,1922827,300.0,890938.0
1995-07-01,1922827,300.0,890938.0
1995-07-01,1922827,300.0,890938.0
1995-10-01,1984353,331.0,874276.0
1995-10-01,1984353,331.0,874276.0
1995-10-01,1984353,331.0,874276.0
1996-01-01,1925313,294.0,881163.0
1996-01-01,1925313,294.0,881163.0
1996-01-01,1925313,294.0,881163.0
1996-04-01,2005112,285.0,868931.0
1996-04-01,2005112,285.0,868931.0
1996-04-01,2005112,285.0,868931.0
1996-07-01,2035152,289.0,878473.0
1996-07-01,2035152,289.0,878473.0
1996-07-01,2035152,289.0,878473.0
1996-10-01,2107553,319.0,859551.0
1996-10-01,2107553,319.0,859551.0
1996-10-01,2107553,319.0,859551.0
1997-01-01,2043518,342.0,838890.0
1997-01-01,2043518,342.0,838890.0
1997-01-01,2043518,342.0,838890.0
1997-04-01,2129626,373.0,860915.0
1997-04-01,2129626,373.0,860915.0
1997-04-01,2129626,373.0,860915.0
1997-07-01,2166497,381.0,864364.0
1997-07-01,2166497,381.0,864364.0
1997-07-01,2166497,381.0,864364.0
1997-10-01,2237911,390.0,852718.0
1997-10-01,2237911,390.0,852718.0
1997-10-01,2237911,390.0,852718.0
1998-01-01,2160749,379.0,861217.0
1998-01-01,2160749,379.0,861217.0
1998-01-01,2160749,379.0,861217.0
1998-04-01,2249930,291.0,884571.0
1998-04-01,2249930,291.0,884571.0
1998-04-01,2249930,291.0,884571.0
1998-07-01,2281444,264.0,887173.0
1998-07-01,2281444,264.0,887173.0
1998-07-01,2281444,264.0,887173.0
1998-10-01,2370698,214.0,879127.0
1998-10-01,2370698,214.0,879127.0
1998-10-01,2370698,214.0,879127.0
1999-01-01,2293218,125.0,880846.0
1999-01-01,2293218,125.0,880846.0
1999-01-01,2293218,125.0,880846.0
1999-04-01,2388561,125.0,896713.0
1999-04-01,2388561,125.0,896713.0
1999-04-01,2388561,125.0,896713.0
1999-07-01,2423833,108.0,888771.0
1999-07-01,2423833,108.0,888771.0
1999-07-01,2423833,108.0,888771.0
1999-10-01,2525048,137.0,860767.0
1999-10-01,2525048,137.0,860767.0
1999-10-01,2525048,137.0,860767.0
2000-01-01,2449139,142.0,841987.0
2000-01-01,2449139,142.0,841987.0
2000-01-01,2449139,142.0,841987.0
2000-04-01,2569476,191.0,856023.0
2000-04-01,2569476,191.0,856023.0
2000-04-01,2569476,191.0,856023.0
2000-07-01,2578060,208.0,845293.0
2000-07-01,2578060,208.0,845293.0
2000-07-01,2578060,208.0,845293.0
2000-10-01,2655679,211.0,839117.0
2000-10-01,2655679,211.0,839117.0
2000-10-01,2655679,211.0,839117.0
2001-01-01,2562436,238.0,810545.0
2001-01-01,2562436,238.0,810545.0
2001-01-01,2562436,238.0,810545.0
2001-04-01,2656364,246.0,838453.0
2001-04-01,2656364,246.0,838453.0
2001-04-01,2656364,246.0,838453.0
2001-07-01,2651331,218.0,840538.0
2001-07-01,2651331,218.0,840538.0
2001-07-01,2651331,218.0,840538.0
2001-10-01,2711685,198.0,834154.0
2001-10-01,2711685,198.0,834154.0
2001-10-01,2711685,198.0,834154.0
2002-01-01,2631502,141.0,848945.0
2002-01-01,2631502,141.0,848945.0
2002-01-01,2631502,141.0,848945.0
2002-04-01,2724224,136.0,869994.0
2002-04-01,2724224,136.0,869994.0
2002-04-01,2724224,136.0,869994.0
2002-07-01,2753434,132.0,874057.0
2002-07-01,2753434,132.0,874057.0
2002-07-01,2753434,132.0,874057.0
2002-10-01,2827263,139.0,852260.0
2002-10-01,2827263,139.0,852260.0
2002-10-01,2827263,139.0,852260.0
2003-01-01,2744149,132.0,857519.0
2003-01-01,2744149,132.0,857519.0
2003-01-01,2744149,132.0,857519.0
2003-04-01,2832509,184.0,865061.0
2003-04-01,2832509,184.0,865061.0
2003-04-01,2832509,184.0,865061.0
2003-07-01,2887132,153.0,871873.0
2003-07-01,2887132,153.0,871873.0
2003-07-01,2887132,153.0,871873.0
2003-10-01,2994460,157.0,899713.0
2003-10-01,2994460,157.0,899713.0
2003-10-01,2994460,157.0,899713.0
2004-01-01,2922104,142.0,890053.0
2004-01-01,2922104,142.0,890053.0
2004-01-01,2922104,142.0,890053.0
2004-04-01,3033260,153.0,934757.0
2004-04-01,3033260,153.0,934757.0
2004-04-01,3033260,153.0,934757.0
2004-07-01,3068978,170.0,948498.0
2004-07-01,3068978,170.0,948498.0
2004-07-01,3068978,170.0,948498.0
2004-10-01,3189392,170.0,934347.0
2004-10-01,3189392,170.0,934347.0
2004-10-01,3189392,170.0,934347.0
2005-01-01,3109156,177.0,954322.0
2005-01-01,3109156,177.0,954322.0
2005-01-01,3109156,177.0,954322.0
2005-04-01,3231134,171.0,995314.0
2005-04-01,3231134,171.0,995314.0
2005-04-01,3231134,171.0,995314.0
2005-07-01,3305748,170.0,1001763.0
2005-07-01,3305748,170.0,1001763.0
2005-07-01,3305748,170.0,1001763.0
2005-10-01,3390598,216.0,985260.0
2005-10-01,3390598,216.0,985260.0
2005-10-01,3390598,216.0,985260.0
2006-01-01,3334041,242.0,988164.0
2006-01-01,3334041,242.0,988164.0
2006-01-01,3334041,242.0,988164.0
2006-04-01,3462006,259.0,1016329.0
2006-04-01,3462006,259.0,1016329.0
2006-04-01,3462006,259.0,1016329.0
2006-07-01,3463172,298.0,1006690.0
2006-07-01,3463172,298.0,1006690.0
2006-07-01,3463172,298.0,1006690.0
2006-10-01,3555390,288.0,1004893.0
2006-10-01,3555390,288.0,1004893.0
2006-10-01,3555390,288.0,1004893.0
2007-01-01,3479565,269.0,992216.0
2007-01-01,3479565,269.0,992216.0
2007-01-01,3479565,269.0,992216.0
2007-04-01,3610965,285.0,1005781.0
2007-04-01,3610965,285.0,1005781.0
2007-04-01,3610965,285.0,1005781.0
2007-07-01,3630580,285.0,1023093.0
2007-07-01,3630580,285.0,1023093.0
2007-07-01,3630580,285.0,1023093.0
2007-10-01,3730752,320.0,994071.0
2007-10-01,3730752,320.0,994071.0
2007-10-01,3730752,320.0,994071.0
2008-01-01,3643352,321.0,968319.0
2008-01-01,3643352,321.0,968319.0
2008-01-01,3643352,321.0,968319.0
2008-04-01,3704567,358.0,999885.0
2008-04-01,3704567,358.0,999885.0
2008-04-01,3704567,358.0,999885.0
2008-07-01,3682872,380.0,984093.0
2008-07-01,3682872,380.0,984093.0
2008-07-01,3682872,380.0,984093.0
2008-10-01,3682056,422.0,993730.0
2008-10-01,3682056,422.0,993730.0
2008-10-01,3682056,422.0,993730.0
2009-01-01,3510967,327.0,1018150.0
2009-01-01,3510967,327.0,1018150.0
2009-01-01,3510967,327.0,1018150.0
2009-04-01,3593534,213.0,1064312.0
2009-04-01,3593534,213.0,1064312.0
2009-04-01,3593534,213.0,1064312.0
2009-07-01,3617046,245.0,1052110.0
2009-07-01,3617046,245.0,1052110.0
2009-07-01,3617046,245.0,1052110.0
2009-10-01,3727386,311.0,1044995.0
2009-10-01,3727386,311.0,1044995.0
2009-10-01,3727386,311.0,1044995.0
2010-01-01,3592249,433.0,1034826.0
2010-01-01,3592249,433.0,1034826.0
2010-01-01,3592249,433.0,1034826.0
2010-04-01,3744069,508.0,1062845.0
2010-04-01,3744069,508.0,1062845.0
2010-04-01,3744069,508.0,1062845.0
2010-07-01,3778575,590.0,1062688.0
2010-07-01,3778575,590.0,1062688.0
2010-07-01,3778575,590.0,1062688.0
2010-10-01,3877159,692.0,1069141.0
2010-10-01,3877159,692.0,1069141.0
2010-10-01,3877159,692.0,1069141.0
2011-01-01,3748311,793.0,1043099.0
2011-01-01,3748311,793.0,1043099.0
2011-01-01,3748311,793.0,1043099.0
2011-04-01,3881126,896.0,1065133.0
2011-04-01,3881126,896.0,1065133.0
2011-04-01,3881126,896.0,1065133.0
2011-07-01,3913784,1014.0,1057628.0
2011-07-01,3913784,1014.0,1057628.0
2011-07-01,3913784,1014.0,1057628.0
2011-10-01,3999363,1076.0,1010804.0
2011-10-01,3999363,1076.0,1010804.0
2011-10-01,3999363,1076.0,1010804.0
2012-01-01,3947585,1207.0,1005251.0
2012-01-01,3947585,1207.0,1005251.0
2012-01-01,3947585,1207.0,1005251.0
2012-04-01,4036139,1329.0,1040919.0
2012-04-01,4036139,1329.0,1040919.0
2012-04-01,4036139,1329.0,1040919.0
2012-07-01,4071213,1419.0,1047285.0
2012-07-01,4071213,1419.0,1047285.0
2012-07-01,4071213,1419.0,1047285.0
2012-10-01,4142070,1406.0,1039125.0
2012-10-01,4142070,1406.0,1039125.0
2012-10-01,4142070,1406.0,1039125.0
2013-01-01,4049584,1318.0,1030547.0
2013-01-01,4049584,1318.0,1030547.0
2013-01-01,4049584,1318.0,1030547.0
2013-04-01,4163863,1374.0,1057189.0
2013-04-01,4163863,1374.0,1057189.0
2013-04-01,4163863,1374.0,1057189.0
2013-07-01,4234415,1395.0,1034913.0
2013-07-01,4234415,1395.0,1034913.0
2013-07-01,4234415,1395.0,1034913.0
2013-10-01,4336990,1364.0,1044087.0
2013-10-01,4336990,1364.0,1044087.0
2013-10-01,4336990,1364.0,1044087.0
2014-01-01,4193475,1403.0,1019830.0
2014-01-01,4193475,1403.0,1019830.0
2014-01-01,4193475,1403.0,1019830.0
2014-04-01,4355448,1514.0,1056791.0
2014-04-01,4355448,1514.0,1056791.0
2014-04-01,4355448,1514.0,1056791.0
2014-07-01,4449960,1560.0,1033241.0
2014-07-01,4449960,1560.0,1033241.0
2014-07-01,4449960,1560.0,1033241.0
2014-10-01,4528375,1593.0,1033669.0
2014-10-01,4528375,1593.0,1033669.0
2014-10-01,4528375,1593.0,1033669.0
2015-01-01,4381185,1361.0,1054934.0
2015-01-01,4381185,1361.0,1054934.0
2015-01-01,4381185,1361.0,1054934.0
2015-04-01,4563206,749.0,1144717.0
2015-04-01,4563206,749.0,1144717.0
2015-04-01,4563206,749.0,1144717.0
2015-07-01,4614948,649.0,1124005.0
2015-07-01,4614948,649.0,1124005.0
2015-07-01,4614948,649.0,1124005.0
2015-10-01,4665441,597.0,1136941.0
2015-10-01,4665441,597.0,1136941.0
2015-10-01,4665441,597.0,1136941.0
2016-01-01,4488764,509.0,1153560.0
2016-01-01,4488764,509.0,1153560.0
2016-01-01,4488764,509.0,1153560.0
2016-04-01,4678299,348.0,1201620.0
2016-04-01,4678299,348.0,1201620.0
2016-04-01,4678299,348.0,1201620.0
2016-07-01,4734573,358.0,1186326.0
2016-07-01,4734573,358.0,1186326.0
2016-07-01,4734573,358.0,1186326.0
2016-10-01,4813405,436.0,1168440.0
2016-10-01,4813405,436.0,1168440.0
2016-10-01,4813405,436.0,1168440.0
2017-01-01,4649728,542.0,1182986.0
2017-01-01,4649728,542.0,1182986.0
2017-01-01,4649728,542.0,1182986.0
2017-04-01,4863682,685.0,1221290.0
2017-04-01,4863682,685.0,1221290.0
2017-04-01,4863682,685.0,1221290.0
2017-07-01,4940866,764.0,1166704.0
2017-07-01,4940866,764.0,1166704.0
2017-07-01,4940866,764.0,1166704.0
2017-10-01,5065149,741.0,1129263.0
2017-10-01,5065149,741.0,1129263.0
2017-10-01,5065149,741.0,1129263.0
2018-01-01,4917129,750.0,1079804.0
2018-01-01,4917129,750.0,1079804.0
2018-01-01,4917129,750.0,1079804.0
2018-04-01,5141726,817.0,1095448.0
2018-04-01,5141726,817.0,1095448.0
2018-04-01,5141726,817.0,1095448.0
2018-07-01,5209973,861.0,1067516.0
2018-07-01,5209973,861.0,1067516.0
2018-07-01,5209973,861.0,1067516.0
2018-10-01,5311394,869.0,1075733.0
2018-10-01,5311394,869.0,1075733.0
2018-10-01,5311394,869.0,1075733.0
2019-01-01,5148400,866.0,1091079.0
2019-01-01,5148400,866.0,1091079.0
2019-01-01,5148400,866.0,1091079.0
2019-04-01,5360917,823.0,1109717.0
2019-04-01,5360917,823.0,1109717.0
2019-04-01,5360917,823.0,1109717.0
2019-07-01,5404459,781.0,1093931.0
2019-07-01,5404459,781.0,1093931.0
2019-07-01,5404459,781.0,1093931.0
